model_key,accuracy,f1_macro,top2_accuracy,season
logistic_regression,0.5172413793103449,0.2641194554238033,0.7586206896551724,2003-04
logistic_regression,0.4666666666666667,0.2972222222222222,0.7666666666666667,2004-05
logistic_regression,0.6333333333333333,0.3784495279593319,0.8333333333333334,2005-06
logistic_regression,0.4666666666666667,0.19047619047619047,0.6666666666666666,2006-07
logistic_regression,0.5333333333333333,0.27012987012987016,0.7,2007-08
logistic_regression,0.5333333333333333,0.23168498168498167,0.6666666666666666,2008-09
logistic_regression,0.6,0.3650274924784729,0.7666666666666667,2009-10
logistic_regression,0.5666666666666667,0.23275862068965517,0.7,2010-11
logistic_regression,0.5333333333333333,0.2576923076923077,0.7333333333333333,2011-12
logistic_regression,0.6666666666666666,0.376984126984127,0.7666666666666667,2012-13
logistic_regression,0.5333333333333333,0.30531813865147195,0.8333333333333334,2013-14
logistic_regression,0.5333333333333333,0.4490740740740741,0.7666666666666667,2014-15
logistic_regression,0.5,0.3000478927203065,0.7333333333333333,2015-16
logistic_regression,0.7666666666666667,0.7188375350140056,0.9333333333333333,2016-17
logistic_regression,0.5333333333333333,0.2697893972403776,0.7333333333333333,2017-18
logistic_regression,0.6,0.31660561660561665,0.8,2018-19
logistic_regression,0.6,0.36905615292712063,0.7,2019-20
logistic_regression,0.5333333333333333,0.3206349206349206,0.7,2020-21
logistic_regression,0.4666666666666667,0.22008547008547008,0.7,2021-22
logistic_regression,0.4,0.2823232323232323,0.5333333333333333,2022-23
logistic_regression,0.5333333333333333,0.2681318681318681,0.7666666666666667,2023-24
random_forest,0.6206896551724138,0.2830687830687831,0.7931034482758621,2003-04
random_forest,0.5,0.1984126984126984,0.7333333333333333,2004-05
random_forest,0.6,0.34761904761904755,0.8666666666666667,2005-06
random_forest,0.6,0.2738095238095238,0.7666666666666667,2006-07
random_forest,0.6333333333333333,0.3086691086691087,0.8333333333333334,2007-08
random_forest,0.6,0.23376623376623376,0.9,2008-09
random_forest,0.6333333333333333,0.31509971509971507,0.8333333333333334,2009-10
random_forest,0.6,0.24814814814814815,0.8,2010-11
random_forest,0.6,0.23824786324786326,0.8,2011-12
random_forest,0.6666666666666666,0.2716049382716049,0.8,2012-13
random_forest,0.6333333333333333,0.2873015873015873,0.8,2013-14
random_forest,0.5333333333333333,0.23544973544973544,0.8333333333333334,2014-15
random_forest,0.6333333333333333,0.353968253968254,0.8,2015-16
random_forest,0.6333333333333333,0.27678571428571425,0.8666666666666667,2016-17
random_forest,0.6,0.2424749163879599,0.8,2017-18
random_forest,0.6333333333333333,0.2825722664432342,0.8333333333333334,2018-19
random_forest,0.6333333333333333,0.29604027991124765,0.8333333333333334,2019-20
random_forest,0.5666666666666667,0.28095238095238095,0.8666666666666667,2020-21
random_forest,0.5333333333333333,0.23052362707535123,0.8333333333333334,2021-22
random_forest,0.5666666666666667,0.2603615520282187,0.7666666666666667,2022-23
random_forest,0.6666666666666666,0.3279202279202279,0.8333333333333334,2023-24
mlp_baseline,0.5517241379310345,0.3611111111111111,0.7931034482758621,2003-04
mlp_baseline,0.43333333333333335,0.2108262108262108,0.6333333333333333,2004-05
mlp_baseline,0.7,0.42518674136321194,0.8,2005-06
mlp_baseline,0.5666666666666667,0.26033834586466165,0.8,2006-07
mlp_baseline,0.6666666666666666,0.43427377220480673,0.7666666666666667,2007-08
mlp_baseline,0.5,0.23996913580246915,0.7,2008-09
mlp_baseline,0.7,0.41609195402298843,0.8333333333333334,2009-10
mlp_baseline,0.6666666666666666,0.33809523809523806,0.7666666666666667,2010-11
mlp_baseline,0.5666666666666667,0.22798216276477146,0.7666666666666667,2011-12
mlp_baseline,0.6333333333333333,0.25476190476190474,0.7666666666666667,2012-13
mlp_baseline,0.5333333333333333,0.26190476190476186,0.8,2013-14
mlp_baseline,0.5666666666666667,0.3890704429920116,0.8666666666666667,2014-15
mlp_baseline,0.5,0.1825951825951826,0.7666666666666667,2015-16
mlp_baseline,0.7333333333333333,0.6870071684587814,0.9333333333333333,2016-17
mlp_baseline,0.5333333333333333,0.22128851540616246,0.7666666666666667,2017-18
mlp_baseline,0.6,0.3160669975186104,0.8333333333333334,2018-19
mlp_baseline,0.5333333333333333,0.23535353535353534,0.8,2019-20
mlp_baseline,0.5,0.2708333333333333,0.6666666666666666,2020-21
mlp_baseline,0.5,0.23308913308913307,0.8,2021-22
mlp_baseline,0.5,0.245999614420667,0.6333333333333333,2022-23
mlp_baseline,0.6666666666666666,0.34852801519468185,0.8,2023-24
attention_model,0.6896551724137931,0.4244444444444444,0.8275862068965517,2003-04
attention_model,0.5666666666666667,0.31603581603581604,0.7,2004-05
attention_model,0.6666666666666666,0.34386973180076624,0.8666666666666667,2005-06
attention_model,0.7,0.38135806046556553,0.7666666666666667,2006-07
attention_model,0.6666666666666666,0.345679012345679,0.8333333333333334,2007-08
attention_model,0.5666666666666667,0.33928571428571425,0.8,2008-09
attention_model,0.7333333333333333,0.5411111111111111,0.8333333333333334,2009-10
attention_model,0.6,0.30450928381962866,0.8333333333333334,2010-11
attention_model,0.6333333333333333,0.48547008547008547,0.7666666666666667,2011-12
attention_model,0.6333333333333333,0.2843915343915344,0.8,2012-13
attention_model,0.5333333333333333,0.2913614163614163,0.7333333333333333,2013-14
attention_model,0.43333333333333335,0.22142857142857145,0.7666666666666667,2014-15
attention_model,0.5666666666666667,0.2333333333333333,0.8333333333333334,2015-16
attention_model,0.8333333333333334,0.8855363984674329,1.0,2016-17
attention_model,0.6666666666666666,0.44717171717171716,0.8666666666666667,2017-18
attention_model,0.5333333333333333,0.3072803195352215,0.8333333333333334,2018-19
attention_model,0.5666666666666667,0.2648233486943164,0.8,2019-20
attention_model,0.43333333333333335,0.22222222222222224,0.7,2020-21
attention_model,0.6,0.28035714285714286,0.8,2021-22
attention_model,0.5666666666666667,0.38765432098765434,0.7,2022-23
attention_model,0.5,0.18888888888888888,0.7666666666666667,2023-24
